file,x1,y1,x2,y2,conf,track
../YOLOX/datasets/ig_sim_closeup/250_rgb.jpg,912.3939819335938,1210.04736328125,1097.2164306640625,1529.53955078125,0.11595810949802399,False
../YOLOX/datasets/ig_sim_closeup/251_rgb.jpg,906.7862548828125,1202.532470703125,1094.38818359375,1532.54833984375,0.24046611785888672,False
../YOLOX/datasets/ig_sim_closeup/252_rgb.jpg,910.7161254882812,1198.818603515625,1096.9757080078125,1530.172607421875,0.31199508905410767,False
../YOLOX/datasets/ig_sim_closeup/253_rgb.jpg,901.2256469726562,1189.402587890625,1097.38525390625,1530.6654052734375,0.28944382071495056,1.0
../YOLOX/datasets/ig_sim_closeup/254_rgb.jpg,907.5868530273438,1175.099365234375,1097.260986328125,1523.9949951171875,0.21166503429412842,1.0
../YOLOX/datasets/ig_sim_closeup/256_rgb.jpg,908.2322998046875,1160.02392578125,1096.62060546875,1513.072021484375,0.1604607254266739,False
../YOLOX/datasets/ig_sim_closeup/257_rgb.jpg,908.6166381835938,1156.961181640625,1092.892822265625,1502.498779296875,0.1422480344772339,False
../YOLOX/datasets/ig_sim_closeup/258_rgb.jpg,903.563720703125,1155.4461669921875,1096.0904541015625,1500.855712890625,0.17943696677684784,1.0
../YOLOX/datasets/ig_sim_closeup/259_rgb.jpg,903.1806030273438,1140.46337890625,1097.350830078125,1491.8729248046875,0.36064136028289795,1.0
../YOLOX/datasets/ig_sim_closeup/260_rgb.jpg,906.7398071289062,1135.9827880859375,1099.1243896484375,1488.5911865234375,0.2992246448993683,1.0
../YOLOX/datasets/ig_sim_closeup/261_rgb.jpg,902.9569702148438,1128.30615234375,1101.820068359375,1489.4415283203125,0.3805442452430725,1.0
../YOLOX/datasets/ig_sim_closeup/262_rgb.jpg,906.3624267578125,1122.2386474609375,1094.6922607421875,1485.648681640625,0.21962381899356842,1.0
../YOLOX/datasets/ig_sim_closeup/263_rgb.jpg,905.239501953125,1113.93994140625,1093.615234375,1485.1634521484375,0.23637816309928894,1.0
../YOLOX/datasets/ig_sim_closeup/264_rgb.jpg,900.5904541015625,1109.38232421875,1093.15283203125,1483.374267578125,0.48531877994537354,1.0
../YOLOX/datasets/ig_sim_closeup/265_rgb.jpg,908.4801025390625,1103.280029296875,1088.820068359375,1467.22802734375,0.2776418924331665,1.0
../YOLOX/datasets/ig_sim_closeup/266_rgb.jpg,900.6679077148438,1089.6072998046875,1095.6678466796875,1453.4798583984375,0.48129794001579285,1.0
../YOLOX/datasets/ig_sim_closeup/267_rgb.jpg,903.7477416992188,1085.3704833984375,1095.250732421875,1451.1046142578125,0.2897433340549469,1.0
../YOLOX/datasets/ig_sim_closeup/268_rgb.jpg,908.1467895507812,1089.308349609375,1074.33642578125,1432.917724609375,0.14454402029514313,1.0
../YOLOX/datasets/ig_sim_closeup/269_rgb.jpg,907.1337280273438,1071.09423828125,1097.0416259765625,1423.56640625,0.21663489937782288,1.0
../YOLOX/datasets/ig_sim_closeup/270_rgb.jpg,915.5864868164062,1068.1123046875,1091.8631591796875,1415.352294921875,0.1510123759508133,1.0
../YOLOX/datasets/ig_sim_closeup/271_rgb.jpg,908.6318359375,1049.8631591796875,1099.69091796875,1410.701416015625,0.3150691092014313,1.0
../YOLOX/datasets/ig_sim_closeup/272_rgb.jpg,906.833251953125,1043.1170654296875,1097.4796142578125,1398.8209228515625,0.4532930850982666,1.0
../YOLOX/datasets/ig_sim_closeup/273_rgb.jpg,905.2977294921875,1044.494873046875,1098.9957275390625,1393.9132080078125,0.40308481454849243,1.0
../YOLOX/datasets/ig_sim_closeup/274_rgb.jpg,903.8063354492188,1035.4073486328125,1086.5789794921875,1387.49169921875,0.3171844184398651,1.0
../YOLOX/datasets/ig_sim_closeup/275_rgb.jpg,903.0477294921875,1027.47216796875,1094.9317626953125,1378.6737060546875,0.2924611568450928,1.0
../YOLOX/datasets/ig_sim_closeup/276_rgb.jpg,911.7366333007812,1021.9260864257812,1097.00439453125,1375.0306396484375,0.232894167304039,1.0
../YOLOX/datasets/ig_sim_closeup/277_rgb.jpg,906.3541870117188,1006.0482177734375,1091.21923828125,1366.93310546875,0.3174971044063568,1.0
../YOLOX/datasets/ig_sim_closeup/278_rgb.jpg,914.6826782226562,1001.64453125,1097.222412109375,1352.9923095703125,0.1822824776172638,1.0
../YOLOX/datasets/ig_sim_closeup/279_rgb.jpg,905.977783203125,1000.8538818359375,1085.29248046875,1352.460693359375,0.20649565756320953,1.0
../YOLOX/datasets/ig_sim_closeup/281_rgb.jpg,909.628173828125,978.132568359375,1100.4276123046875,1332.6424560546875,0.39604640007019043,False
../YOLOX/datasets/ig_sim_closeup/282_rgb.jpg,907.5166625976562,969.7158813476562,1102.63818359375,1334.194580078125,0.4733896255493164,False
../YOLOX/datasets/ig_sim_closeup/283_rgb.jpg,908.6470947265625,966.665283203125,1099.581787109375,1320.9688720703125,0.34523969888687134,1.0
../YOLOX/datasets/ig_sim_closeup/284_rgb.jpg,910.9310913085938,956.0518188476562,1100.8416748046875,1317.2293701171875,0.42071205377578735,1.0
../YOLOX/datasets/ig_sim_closeup/285_rgb.jpg,908.129638671875,950.7656860351562,1096.51513671875,1312.31640625,0.5747727751731873,1.0
../YOLOX/datasets/ig_sim_closeup/286_rgb.jpg,911.5010375976562,942.3707885742188,1099.16162109375,1299.3111572265625,0.5562338829040527,1.0
../YOLOX/datasets/ig_sim_closeup/287_rgb.jpg,902.582763671875,928.837890625,1101.7254638671875,1292.145751953125,0.5850962400436401,1.0
../YOLOX/datasets/ig_sim_closeup/288_rgb.jpg,908.2860717773438,923.7620239257812,1104.0662841796875,1284.358154296875,0.4749160706996918,1.0
../YOLOX/datasets/ig_sim_closeup/289_rgb.jpg,909.2681884765625,921.9705810546875,1100.048583984375,1277.875,0.4042397141456604,1.0
../YOLOX/datasets/ig_sim_closeup/290_rgb.jpg,904.9827880859375,908.2684326171875,1100.94189453125,1266.839599609375,0.45981985330581665,1.0
../YOLOX/datasets/ig_sim_closeup/291_rgb.jpg,913.7720336914062,902.806640625,1099.8148193359375,1262.381591796875,0.353527694940567,1.0
../YOLOX/datasets/ig_sim_closeup/292_rgb.jpg,909.0645751953125,889.9252319335938,1103.6204833984375,1256.831298828125,0.4558386206626892,1.0
../YOLOX/datasets/ig_sim_closeup/293_rgb.jpg,910.996826171875,882.0151977539062,1098.210693359375,1245.385986328125,0.49646979570388794,1.0
../YOLOX/datasets/ig_sim_closeup/294_rgb.jpg,908.6728515625,885.7239379882812,1099.019775390625,1238.9820556640625,0.4521469473838806,1.0
../YOLOX/datasets/ig_sim_closeup/295_rgb.jpg,904.252197265625,876.450927734375,1099.1278076171875,1232.02392578125,0.4503370523452759,1.0
../YOLOX/datasets/ig_sim_closeup/296_rgb.jpg,907.9068603515625,866.2412719726562,1099.4461669921875,1220.7239990234375,0.42078372836112976,1.0
../YOLOX/datasets/ig_sim_closeup/297_rgb.jpg,914.9647827148438,856.8737182617188,1105.96826171875,1219.521240234375,0.3082693815231323,1.0
../YOLOX/datasets/ig_sim_closeup/298_rgb.jpg,910.571533203125,847.8665161132812,1099.53173828125,1208.414306640625,0.35369306802749634,1.0
../YOLOX/datasets/ig_sim_closeup/299_rgb.jpg,912.144287109375,843.4828491210938,1100.5328369140625,1197.89013671875,0.35351088643074036,1.0
../YOLOX/datasets/ig_sim_closeup/300_rgb.jpg,906.6508178710938,838.3823852539062,1096.8873291015625,1199.006591796875,0.5833225846290588,1.0
../YOLOX/datasets/ig_sim_closeup/301_rgb.jpg,911.5286865234375,823.6693725585938,1100.966552734375,1184.4515380859375,0.577240526676178,1.0
../YOLOX/datasets/ig_sim_closeup/302_rgb.jpg,910.154052734375,815.6113891601562,1107.6300048828125,1178.0908203125,0.5963281393051147,1.0
../YOLOX/datasets/ig_sim_closeup/303_rgb.jpg,904.7603759765625,816.9163818359375,1102.532470703125,1178.1036376953125,0.6236727833747864,1.0
../YOLOX/datasets/ig_sim_closeup/304_rgb.jpg,906.6302490234375,808.013427734375,1099.937744140625,1163.49951171875,0.6250594258308411,1.0
../YOLOX/datasets/ig_sim_closeup/305_rgb.jpg,906.8876342773438,798.1806030273438,1100.8868408203125,1161.287353515625,0.6726016998291016,1.0
../YOLOX/datasets/ig_sim_closeup/306_rgb.jpg,909.500244140625,788.4033813476562,1102.4337158203125,1156.23388671875,0.699330747127533,1.0
../YOLOX/datasets/ig_sim_closeup/307_rgb.jpg,909.886474609375,783.0510864257812,1098.8182373046875,1145.473876953125,0.5730681419372559,1.0
../YOLOX/datasets/ig_sim_closeup/308_rgb.jpg,903.6548461914062,772.4810791015625,1101.30908203125,1136.4200439453125,0.6912409663200378,1.0
../YOLOX/datasets/ig_sim_closeup/309_rgb.jpg,903.3721313476562,765.4036865234375,1103.9405517578125,1129.099365234375,0.6829326748847961,1.0
../YOLOX/datasets/ig_sim_closeup/310_rgb.jpg,907.3583984375,766.513916015625,1098.1290283203125,1122.2830810546875,0.5903644561767578,1.0
../YOLOX/datasets/ig_sim_closeup/311_rgb.jpg,906.2596435546875,753.544189453125,1101.5799560546875,1109.13232421875,0.5636036992073059,1.0
../YOLOX/datasets/ig_sim_closeup/312_rgb.jpg,911.5194702148438,746.2490234375,1101.655517578125,1107.263916015625,0.5857102870941162,1.0
../YOLOX/datasets/ig_sim_closeup/313_rgb.jpg,903.6382446289062,736.7543334960938,1103.6776123046875,1100.2657470703125,0.6548486351966858,1.0
../YOLOX/datasets/ig_sim_closeup/314_rgb.jpg,910.7914428710938,724.795654296875,1099.3543701171875,1090.3763427734375,0.5577399134635925,1.0
../YOLOX/datasets/ig_sim_closeup/315_rgb.jpg,907.1309814453125,726.7494506835938,1100.0352783203125,1082.8323974609375,0.6350083947181702,1.0
../YOLOX/datasets/ig_sim_closeup/316_rgb.jpg,902.3158569335938,717.4019165039062,1094.104736328125,1076.849853515625,0.6471444964408875,1.0
../YOLOX/datasets/ig_sim_closeup/317_rgb.jpg,905.7156982421875,711.2701416015625,1101.7596435546875,1065.822509765625,0.6254870295524597,1.0
../YOLOX/datasets/ig_sim_closeup/318_rgb.jpg,909.532470703125,708.5657958984375,1097.2520751953125,1064.1612548828125,0.4947366714477539,1.0
../YOLOX/datasets/ig_sim_closeup/319_rgb.jpg,907.5523681640625,689.0684814453125,1102.50146484375,1051.0950927734375,0.5848762392997742,1.0
../YOLOX/datasets/ig_sim_closeup/320_rgb.jpg,909.5276489257812,684.5791015625,1102.86181640625,1041.01318359375,0.5966355800628662,1.0
../YOLOX/datasets/ig_sim_closeup/321_rgb.jpg,905.5430297851562,684.2463989257812,1097.9293212890625,1042.009765625,0.5984727144241333,1.0
../YOLOX/datasets/ig_sim_closeup/322_rgb.jpg,903.7092895507812,669.121337890625,1102.5828857421875,1027.7381591796875,0.6991043090820312,1.0
../YOLOX/datasets/ig_sim_closeup/323_rgb.jpg,906.989013671875,657.6157836914062,1103.251708984375,1023.3900756835938,0.7054190635681152,1.0
../YOLOX/datasets/ig_sim_closeup/324_rgb.jpg,900.722412109375,656.0098266601562,1107.0858154296875,1021.1836547851562,0.7228506207466125,1.0
../YOLOX/datasets/ig_sim_closeup/325_rgb.jpg,906.153076171875,649.4889526367188,1100.447021484375,1007.0341796875,0.6957479119300842,1.0
../YOLOX/datasets/ig_sim_closeup/326_rgb.jpg,905.5728149414062,649.6689453125,1097.7998046875,1006.7168579101562,0.6349166631698608,1.0
../YOLOX/datasets/ig_sim_closeup/327_rgb.jpg,904.7008056640625,638.9183959960938,1100.6209716796875,999.4320678710938,0.6796033978462219,1.0
../YOLOX/datasets/ig_sim_closeup/328_rgb.jpg,906.6250610351562,631.6766967773438,1097.1422119140625,989.7719116210938,0.6135692000389099,1.0
../YOLOX/datasets/ig_sim_closeup/329_rgb.jpg,902.2259521484375,614.9639282226562,1099.031005859375,981.0713500976562,0.6853622198104858,1.0
../YOLOX/datasets/ig_sim_closeup/330_rgb.jpg,902.2977294921875,607.224853515625,1103.670654296875,972.1509399414062,0.7141575813293457,1.0
../YOLOX/datasets/ig_sim_closeup/331_rgb.jpg,908.3837280273438,606.8682250976562,1097.5469970703125,963.84765625,0.6470234394073486,1.0
../YOLOX/datasets/ig_sim_closeup/332_rgb.jpg,902.1314086914062,595.3478393554688,1102.3192138671875,953.107421875,0.6562236547470093,1.0
../YOLOX/datasets/ig_sim_closeup/333_rgb.jpg,906.2418212890625,590.0574340820312,1102.7027587890625,947.8031616210938,0.6669560670852661,1.0
../YOLOX/datasets/ig_sim_closeup/334_rgb.jpg,905.8365478515625,579.1690673828125,1103.2166748046875,943.3128662109375,0.610565185546875,1.0
../YOLOX/datasets/ig_sim_closeup/335_rgb.jpg,907.4570922851562,569.630859375,1102.3350830078125,931.3694458007812,0.6618451476097107,1.0
../YOLOX/datasets/ig_sim_closeup/336_rgb.jpg,904.6874389648438,569.1103515625,1100.8367919921875,925.2134399414062,0.7137720584869385,1.0
../YOLOX/datasets/ig_sim_closeup/337_rgb.jpg,909.6107177734375,556.1383056640625,1103.1807861328125,917.6650390625,0.6247904896736145,1.0
../YOLOX/datasets/ig_sim_closeup/338_rgb.jpg,907.7946166992188,552.3836669921875,1102.3543701171875,905.8616333007812,0.6385517716407776,1.0
../YOLOX/datasets/ig_sim_closeup/339_rgb.jpg,907.9744873046875,547.0387573242188,1098.9532470703125,902.7579345703125,0.6409881711006165,1.0
../YOLOX/datasets/ig_sim_closeup/340_rgb.jpg,907.7923583984375,529.0247192382812,1103.559326171875,890.9141235351562,0.6529737114906311,1.0
../YOLOX/datasets/ig_sim_closeup/341_rgb.jpg,909.3187866210938,533.602783203125,1100.39453125,881.9427490234375,0.4307699203491211,1.0
../YOLOX/datasets/ig_sim_closeup/342_rgb.jpg,906.3355102539062,528.4437866210938,1099.95556640625,884.4720458984375,0.5729600787162781,1.0
../YOLOX/datasets/ig_sim_closeup/343_rgb.jpg,902.3980102539062,510.77117919921875,1104.0233154296875,869.7855834960938,0.7060408592224121,1.0
../YOLOX/datasets/ig_sim_closeup/344_rgb.jpg,907.2410888671875,501.9277648925781,1102.666748046875,863.9932250976562,0.6777970194816589,1.0
../YOLOX/datasets/ig_sim_closeup/345_rgb.jpg,903.884765625,499.5984802246094,1104.629638671875,862.661865234375,0.70452481508255,1.0
../YOLOX/datasets/ig_sim_closeup/346_rgb.jpg,909.6605224609375,494.7720031738281,1101.255126953125,848.374755859375,0.6072530746459961,1.0
../YOLOX/datasets/ig_sim_closeup/347_rgb.jpg,904.304931640625,490.9848937988281,1095.7996826171875,848.0999755859375,0.6436952352523804,1.0
../YOLOX/datasets/ig_sim_closeup/348_rgb.jpg,904.5045166015625,484.73541259765625,1094.1954345703125,839.9059448242188,0.647094190120697,1.0
../YOLOX/datasets/ig_sim_closeup/349_rgb.jpg,907.8602294921875,479.43988037109375,1095.01123046875,831.9944458007812,0.4810886085033417,1.0
../YOLOX/datasets/ig_sim_closeup/350_rgb.jpg,900.9651489257812,459.7774963378906,1103.3546142578125,820.9517822265625,0.657663881778717,1.0
../YOLOX/datasets/ig_sim_closeup/351_rgb.jpg,903.5067138671875,453.00775146484375,1102.1148681640625,813.3016357421875,0.6215319633483887,1.0
../YOLOX/datasets/ig_sim_closeup/352_rgb.jpg,905.135986328125,448.8597412109375,1098.3787841796875,806.8349609375,0.6023401618003845,1.0
../YOLOX/datasets/ig_sim_closeup/353_rgb.jpg,906.3657836914062,438.8629455566406,1103.083740234375,794.3153686523438,0.5452184677124023,1.0
../YOLOX/datasets/ig_sim_closeup/354_rgb.jpg,907.0223999023438,436.9017333984375,1099.1346435546875,791.6083984375,0.5410485863685608,1.0
../YOLOX/datasets/ig_sim_closeup/355_rgb.jpg,904.4379272460938,421.3305358886719,1106.467041015625,786.7763671875,0.5990564823150635,1.0
../YOLOX/datasets/ig_sim_closeup/356_rgb.jpg,908.0708618164062,414.16552734375,1100.6820068359375,775.45703125,0.5821404457092285,1.0
../YOLOX/datasets/ig_sim_closeup/357_rgb.jpg,907.8216552734375,412.51947021484375,1102.0323486328125,769.2838745117188,0.6372292637825012,1.0
../YOLOX/datasets/ig_sim_closeup/358_rgb.jpg,904.024658203125,403.04327392578125,1100.041015625,759.6158447265625,0.6196032762527466,1.0
../YOLOX/datasets/ig_sim_closeup/359_rgb.jpg,910.6504516601562,399.2066650390625,1094.274169921875,749.47265625,0.4375039339065552,1.0
../YOLOX/datasets/ig_sim_closeup/360_rgb.jpg,911.489013671875,397.1551208496094,1092.189208984375,748.5576171875,0.19490264356136322,1.0
../YOLOX/datasets/ig_sim_closeup/361_rgb.jpg,910.7133178710938,371.86590576171875,1104.7440185546875,735.01953125,0.46758243441581726,1.0
../YOLOX/datasets/ig_sim_closeup/362_rgb.jpg,911.172607421875,376.46484375,1098.0401611328125,724.3711547851562,0.2511763572692871,1.0
../YOLOX/datasets/ig_sim_closeup/363_rgb.jpg,905.9834594726562,368.3673095703125,1101.7452392578125,726.7952270507812,0.5901086926460266,1.0
../YOLOX/datasets/ig_sim_closeup/364_rgb.jpg,903.0281982421875,352.31005859375,1104.93994140625,712.9436645507812,0.618802547454834,1.0
../YOLOX/datasets/ig_sim_closeup/365_rgb.jpg,908.5135498046875,342.8603515625,1100.8104248046875,707.856201171875,0.5105120539665222,1.0
../YOLOX/datasets/ig_sim_closeup/366_rgb.jpg,905.276611328125,342.28399658203125,1104.57275390625,703.5374145507812,0.6368453502655029,1.0
../YOLOX/datasets/ig_sim_closeup/367_rgb.jpg,909.5029296875,333.4560546875,1100.248779296875,689.8446655273438,0.6195089817047119,1.0
../YOLOX/datasets/ig_sim_closeup/368_rgb.jpg,905.451416015625,331.7901916503906,1070.40771484375,687.4542236328125,0.5908675193786621,1.0
../YOLOX/datasets/ig_sim_closeup/369_rgb.jpg,900.5244750976562,326.1457214355469,1103.75048828125,682.994384765625,0.6827861070632935,1.0
../YOLOX/datasets/ig_sim_closeup/370_rgb.jpg,905.357421875,318.2081604003906,1098.845703125,673.968505859375,0.3869355022907257,1.0
../YOLOX/datasets/ig_sim_closeup/371_rgb.jpg,898.971923828125,299.7765197753906,1103.037109375,663.3746948242188,0.6383221745491028,1.0
../YOLOX/datasets/ig_sim_closeup/372_rgb.jpg,903.9241943359375,294.37298583984375,1104.433837890625,656.0742797851562,0.5463279485702515,1.0
../YOLOX/datasets/ig_sim_closeup/373_rgb.jpg,902.8899536132812,297.4041442871094,1091.74169921875,651.854736328125,0.3804839551448822,1.0
../YOLOX/datasets/ig_sim_closeup/374_rgb.jpg,903.4028930664062,271.7593994140625,1104.453857421875,635.0946655273438,0.5808653831481934,1.0
../YOLOX/datasets/ig_sim_closeup/375_rgb.jpg,905.1925048828125,277.1058349609375,1099.194580078125,631.662353515625,0.36713844537734985,1.0
../YOLOX/datasets/ig_sim_closeup/376_rgb.jpg,901.0994873046875,260.5106201171875,1108.2957763671875,629.7490844726562,0.6349286437034607,1.0
../YOLOX/datasets/ig_sim_closeup/377_rgb.jpg,903.9505615234375,253.32174682617188,1103.863037109375,617.7259521484375,0.658263087272644,1.0
../YOLOX/datasets/ig_sim_closeup/378_rgb.jpg,906.4261474609375,255.19483947753906,1100.2706298828125,612.8436279296875,0.5293164253234863,1.0
../YOLOX/datasets/ig_sim_closeup/379_rgb.jpg,899.986328125,248.59764099121094,1102.7589111328125,603.911376953125,0.5827869176864624,1.0
../YOLOX/datasets/ig_sim_closeup/380_rgb.jpg,904.722900390625,240.16160583496094,1103.5916748046875,592.5436401367188,0.49646157026290894,1.0
../YOLOX/datasets/ig_sim_closeup/381_rgb.jpg,904.6971435546875,234.65968322753906,1096.5404052734375,592.0563354492188,0.2561623156070709,1.0
../YOLOX/datasets/ig_sim_closeup/382_rgb.jpg,904.918701171875,212.0342559814453,1101.53271484375,574.3978271484375,0.5421671867370605,1.0
../YOLOX/datasets/ig_sim_closeup/383_rgb.jpg,906.9661865234375,216.65695190429688,1103.072021484375,566.3870849609375,0.328856885433197,1.0
../YOLOX/datasets/ig_sim_closeup/384_rgb.jpg,901.1597290039062,209.49879455566406,1102.775390625,569.1729736328125,0.5636777877807617,1.0
../YOLOX/datasets/ig_sim_closeup/385_rgb.jpg,899.8589477539062,192.2826385498047,1105.9149169921875,555.6156005859375,0.6795867085456848,1.0
../YOLOX/datasets/ig_sim_closeup/386_rgb.jpg,904.776611328125,185.81759643554688,1102.687255859375,550.7462158203125,0.4609164595603943,1.0
../YOLOX/datasets/ig_sim_closeup/387_rgb.jpg,899.7880859375,180.5186309814453,1105.8388671875,543.437744140625,0.6609034538269043,1.0
../YOLOX/datasets/ig_sim_closeup/388_rgb.jpg,903.5513916015625,175.80015563964844,1095.545166015625,532.9268188476562,0.449064165353775,1.0
../YOLOX/datasets/ig_sim_closeup/389_rgb.jpg,896.156982421875,170.9993438720703,1103.583984375,529.390869140625,0.6213206052780151,1.0
../YOLOX/datasets/ig_sim_closeup/390_rgb.jpg,900.2283935546875,169.21224975585938,1105.49169921875,527.1588134765625,0.4647858142852783,1.0
../YOLOX/datasets/ig_sim_closeup/391_rgb.jpg,903.0575561523438,164.16563415527344,1095.29345703125,514.3829345703125,0.20838479697704315,1.0
../YOLOX/datasets/ig_sim_closeup/392_rgb.jpg,899.3126220703125,153.05084228515625,1099.83447265625,506.08990478515625,0.3008938431739807,1.0
../YOLOX/datasets/ig_sim_closeup/393_rgb.jpg,898.9663696289062,144.91091918945312,1096.220703125,499.099609375,0.32826945185661316,1.0
../YOLOX/datasets/ig_sim_closeup/394_rgb.jpg,903.2969970703125,142.76307678222656,1092.187255859375,494.9656066894531,0.18971826136112213,1.0
../YOLOX/datasets/ig_sim_closeup/395_rgb.jpg,903.9583740234375,116.62169647216797,1105.311767578125,475.33087158203125,0.49672171473503113,1.0
../YOLOX/datasets/ig_sim_closeup/396_rgb.jpg,907.842041015625,122.25769805908203,1103.7823486328125,472.1863098144531,0.24432328343391418,1.0
../YOLOX/datasets/ig_sim_closeup/397_rgb.jpg,901.1549072265625,105.27552032470703,1107.7655029296875,466.4617004394531,0.48556140065193176,1.0
../YOLOX/datasets/ig_sim_closeup/398_rgb.jpg,901.574462890625,98.47985076904297,1100.1363525390625,457.8312072753906,0.33859676122665405,1.0
../YOLOX/datasets/ig_sim_closeup/399_rgb.jpg,905.1823120117188,103.041259765625,1093.5850830078125,453.95208740234375,0.3354474604129791,1.0
../YOLOX/datasets/ig_sim_closeup/400_rgb.jpg,901.3233642578125,87.26102447509766,1101.30908203125,447.43853759765625,0.21914133429527283,1.0
../YOLOX/datasets/ig_sim_closeup/401_rgb.jpg,908.4463500976562,86.13512420654297,1090.703125,433.7917785644531,0.23627205193042755,1.0
../YOLOX/datasets/ig_sim_closeup/403_rgb.jpg,902.0725708007812,42.14535903930664,1100.9029541015625,419.1327819824219,0.32348379492759705,False
../YOLOX/datasets/ig_sim_closeup/404_rgb.jpg,903.9729614257812,40.807899475097656,1102.546142578125,410.78387451171875,0.11404725164175034,False
../YOLOX/datasets/ig_sim_closeup/405_rgb.jpg,904.4037475585938,41.12413787841797,1102.128173828125,410.4683837890625,0.189903125166893,1.0
../YOLOX/datasets/ig_sim_closeup/406_rgb.jpg,902.3916015625,35.79417037963867,1104.561767578125,396.07366943359375,0.4123716950416565,1.0
../YOLOX/datasets/ig_sim_closeup/407_rgb.jpg,905.513671875,39.34788131713867,1101.83056640625,393.82550048828125,0.3388313949108124,1.0
../YOLOX/datasets/ig_sim_closeup/408_rgb.jpg,901.797119140625,27.39411735534668,1104.627197265625,385.04290771484375,0.5418471097946167,1.0
../YOLOX/datasets/ig_sim_closeup/409_rgb.jpg,904.0062255859375,19.137882232666016,1100.9190673828125,375.3328552246094,0.4152582287788391,1.0
../YOLOX/datasets/ig_sim_closeup/410_rgb.jpg,898.5704345703125,6.491793155670166,1110.743408203125,371.95220947265625,0.6655013561248779,1.0
../YOLOX/datasets/ig_sim_closeup/411_rgb.jpg,899.5824584960938,9.402907371520996,1110.4271240234375,369.1998596191406,0.5900827646255493,1.0
../YOLOX/datasets/ig_sim_closeup/412_rgb.jpg,890.6700439453125,9.72066593170166,1107.080810546875,358.8748779296875,0.3722025752067566,1.0
../YOLOX/datasets/ig_sim_closeup/413_rgb.jpg,892.1559448242188,7.597712516784668,1106.1612548828125,349.99029541015625,0.4212936460971832,1.0
../YOLOX/datasets/ig_sim_closeup/414_rgb.jpg,890.5126953125,8.040226936340332,1106.1773681640625,341.85687255859375,0.23171092569828033,1.0
../YOLOX/datasets/ig_sim_closeup/415_rgb.jpg,899.5977172851562,-1.284987211227417,1103.052490234375,342.87725830078125,0.2242000252008438,1.0
../YOLOX/datasets/ig_sim_closeup/416_rgb.jpg,899.0201416015625,-1.169602632522583,1111.807861328125,325.6915588378906,0.18957190215587616,1.0
../YOLOX/datasets/ig_sim_closeup/417_rgb.jpg,901.664794921875,-0.6042668223381042,1117.37353515625,323.4668273925781,0.2459229826927185,1.0
../YOLOX/datasets/ig_sim_closeup/418_rgb.jpg,898.3545532226562,-0.4449932277202606,1110.9617919921875,314.1435852050781,0.2451932579278946,1.0
../YOLOX/datasets/ig_sim_closeup/419_rgb.jpg,900.9085693359375,-0.4280630350112915,1102.750732421875,307.09002685546875,0.15447525680065155,1.0
../YOLOX/datasets/ig_sim_closeup/420_rgb.jpg,907.6092529296875,0.3000582158565521,1096.9349365234375,302.55938720703125,0.1560090184211731,1.0
../YOLOX/datasets/ig_sim_closeup/421_rgb.jpg,894.5122680664062,1.1189528703689575,1108.5596923828125,302.5553894042969,0.1474461704492569,1.0
../YOLOX/datasets/ig_sim_closeup/422_rgb.jpg,908.5973510742188,1.0050143003463745,1103.9251708984375,288.8902587890625,0.1547614336013794,1.0
../YOLOX/datasets/ig_sim_closeup/423_rgb.jpg,906.5640869140625,1.3039175271987915,1121.9644775390625,289.0201416015625,0.1745431274175644,1.0
../YOLOX/datasets/ig_sim_closeup/506_rgb.jpg,63.712589263916016,1406.815185546875,270.2101135253906,1538.3624267578125,0.1475488394498825,False
../YOLOX/datasets/ig_sim_closeup/507_rgb.jpg,67.99485778808594,1398.511474609375,268.0297546386719,1538.615966796875,0.3204244375228882,False
../YOLOX/datasets/ig_sim_closeup/550_rgb.jpg,353.3602294921875,1427.171142578125,666.1280517578125,1537.4583740234375,0.13830453157424927,False
../YOLOX/datasets/ig_sim_closeup/577_rgb.jpg,350.349609375,1152.5458984375,418.5984191894531,1298.798095703125,0.11050456017255783,False
../YOLOX/datasets/ig_sim_closeup/588_rgb.jpg,350.73565673828125,1116.5264892578125,423.2632141113281,1222.1134033203125,0.10644913464784622,False
../YOLOX/datasets/ig_sim_closeup/589_rgb.jpg,350.18743896484375,1120.9176025390625,419.4435119628906,1218.9111328125,0.14345471560955048,False
../YOLOX/datasets/ig_sim_closeup/605_rgb.jpg,354.38916015625,961.6029052734375,423.7843017578125,1063.4971923828125,0.1427728533744812,False
../YOLOX/datasets/ig_sim_closeup/612_rgb.jpg,352.9258117675781,877.0965576171875,419.7655944824219,978.7031860351562,0.11961381882429123,False
../YOLOX/datasets/ig_sim_closeup/614_rgb.jpg,354.4176025390625,854.0231323242188,426.6492614746094,959.9014282226562,0.20140831172466278,False
../YOLOX/datasets/ig_sim_closeup/615_rgb.jpg,357.1178894042969,851.8740234375,423.6877746582031,944.2317504882812,0.20289729535579681,False
../YOLOX/datasets/ig_sim_closeup/616_rgb.jpg,355.2243957519531,838.3857421875,424.0951843261719,937.6663818359375,0.248875692486763,7.0
../YOLOX/datasets/ig_sim_closeup/617_rgb.jpg,353.4056396484375,802.164306640625,426.96063232421875,920.2741088867188,0.17987647652626038,7.0
../YOLOX/datasets/ig_sim_closeup/618_rgb.jpg,353.4567565917969,808.9482421875,426.2168273925781,907.1199951171875,0.18580390512943268,7.0
../YOLOX/datasets/ig_sim_closeup/619_rgb.jpg,355.3289794921875,804.1787109375,423.0888977050781,902.0951538085938,0.14709317684173584,7.0
../YOLOX/datasets/ig_sim_closeup/624_rgb.jpg,356.87890625,741.1118774414062,428.45831298828125,833.6796264648438,0.1747157871723175,False
../YOLOX/datasets/ig_sim_closeup/625_rgb.jpg,357.4734802246094,738.042724609375,429.7529296875,829.9951171875,0.2798311710357666,False
../YOLOX/datasets/ig_sim_closeup/626_rgb.jpg,83.11209869384766,1129.52490234375,237.29310607910156,1362.913330078125,0.12683045864105225,False
../YOLOX/datasets/ig_sim_closeup/627_rgb.jpg,358.53338623046875,710.4923095703125,427.9129638671875,800.3594970703125,0.15207278728485107,False
../YOLOX/datasets/ig_sim_closeup/628_rgb.jpg,356.7787780761719,703.0499267578125,422.5070495605469,794.7311401367188,0.14859899878501892,False
../YOLOX/datasets/ig_sim_closeup/629_rgb.jpg,85.49759674072266,1088.972900390625,234.04920959472656,1332.544189453125,0.13063091039657593,False
../YOLOX/datasets/ig_sim_closeup/631_rgb.jpg,97.84449768066406,1087.430419921875,239.68655395507812,1305.865234375,0.24689504504203796,False
../YOLOX/datasets/ig_sim_closeup/632_rgb.jpg,89.84383392333984,1061.4935302734375,238.53695678710938,1300.38134765625,0.20256145298480988,False
../YOLOX/datasets/ig_sim_closeup/633_rgb.jpg,341.6446533203125,618.8102416992188,406.0566711425781,737.0150146484375,0.1290120780467987,False
../YOLOX/datasets/ig_sim_closeup/634_rgb.jpg,355.0198059082031,630.6717529296875,424.50372314453125,724.0618896484375,0.24109402298927307,False
../YOLOX/datasets/ig_sim_closeup/635_rgb.jpg,343.82958984375,619.0057983398438,405.78851318359375,714.513427734375,0.11987590044736862,False
../YOLOX/datasets/ig_sim_closeup/637_rgb.jpg,88.65299224853516,1020.6969604492188,236.88499450683594,1239.544677734375,0.12740835547447205,False
../YOLOX/datasets/ig_sim_closeup/638_rgb.jpg,353.9975891113281,576.6778564453125,425.1472473144531,670.6282348632812,0.2635132968425751,False
../YOLOX/datasets/ig_sim_closeup/639_rgb.jpg,90.89994049072266,975.9075927734375,243.05795288085938,1210.769287109375,0.2450857013463974,False
../YOLOX/datasets/ig_sim_closeup/640_rgb.jpg,91.69159698486328,975.0322875976562,237.38412475585938,1193.709228515625,0.17883647978305817,False
../YOLOX/datasets/ig_sim_closeup/641_rgb.jpg,353.89801025390625,544.9553833007812,416.9327392578125,640.6467895507812,0.202396959066391,False
../YOLOX/datasets/ig_sim_closeup/642_rgb.jpg,816.611572265625,32.31501770019531,932.1488037109375,445.01226806640625,0.1760411560535431,False
../YOLOX/datasets/ig_sim_closeup/643_rgb.jpg,89.77556610107422,936.4132080078125,235.40447998046875,1175.103759765625,0.4164595901966095,False
../YOLOX/datasets/ig_sim_closeup/644_rgb.jpg,92.69095611572266,915.9501953125,237.5821075439453,1156.357177734375,0.4495496451854706,False
../YOLOX/datasets/ig_sim_closeup/645_rgb.jpg,91.49862670898438,910.7490234375,246.28599548339844,1139.0386962890625,0.4262470006942749,False
../YOLOX/datasets/ig_sim_closeup/646_rgb.jpg,91.24699401855469,910.7896728515625,245.70364379882812,1147.0546875,0.5665994882583618,17.0
../YOLOX/datasets/ig_sim_closeup/647_rgb.jpg,96.29539489746094,880.279296875,242.6472930908203,1121.3634033203125,0.42629751563072205,17.0
../YOLOX/datasets/ig_sim_closeup/648_rgb.jpg,809.136474609375,25.703462600708008,929.3861694335938,425.06109619140625,0.19306208193302155,False
../YOLOX/datasets/ig_sim_closeup/649_rgb.jpg,87.99748229980469,869.4049682617188,244.35302734375,1099.080322265625,0.16806434094905853,False
../YOLOX/datasets/ig_sim_closeup/650_rgb.jpg,801.556396484375,8.503042221069336,954.3098754882812,380.0839538574219,0.25653719902038574,False
../YOLOX/datasets/ig_sim_closeup/651_rgb.jpg,94.88805389404297,848.0403442382812,250.92080688476562,1097.722900390625,0.2069125920534134,False
../YOLOX/datasets/ig_sim_closeup/652_rgb.jpg,99.75828552246094,855.4669189453125,247.1285858154297,1095.5404052734375,0.30130282044410706,False
../YOLOX/datasets/ig_sim_closeup/653_rgb.jpg,113.31670379638672,876.1332397460938,264.4080505371094,1114.7127685546875,0.3741052746772766,17.0
../YOLOX/datasets/ig_sim_closeup/654_rgb.jpg,733.9984130859375,29.139629364013672,829.7393798828125,447.2368469238281,0.2534202039241791,False
../YOLOX/datasets/ig_sim_closeup/655_rgb.jpg,132.23410034179688,923.4661865234375,264.64739990234375,1155.5625,0.30739808082580566,False
../YOLOX/datasets/ig_sim_closeup/656_rgb.jpg,162.6162872314453,994.2886352539062,297.9158630371094,1217.89453125,0.36345595121383667,False
../YOLOX/datasets/ig_sim_closeup/657_rgb.jpg,160.99508666992188,1010.3193969726562,305.12982177734375,1235.8582763671875,0.29511722922325134,17.0
../YOLOX/datasets/ig_sim_closeup/658_rgb.jpg,160.64088439941406,1032.9766845703125,309.8795471191406,1246.497802734375,0.23757344484329224,17.0
../YOLOX/datasets/ig_sim_closeup/659_rgb.jpg,178.0498046875,1051.442138671875,340.3885498046875,1286.906494140625,0.4202440679073334,17.0
../YOLOX/datasets/ig_sim_closeup/660_rgb.jpg,168.28146362304688,1005.2672729492188,345.53131103515625,1268.0838623046875,0.15757212042808533,17.0
../YOLOX/datasets/ig_sim_closeup/661_rgb.jpg,175.62063598632812,1018.3133544921875,352.7102355957031,1265.4901123046875,0.41883185505867004,17.0
../YOLOX/datasets/ig_sim_closeup/662_rgb.jpg,180.04751586914062,994.0247802734375,340.55804443359375,1216.8182373046875,0.35744571685791016,17.0
../YOLOX/datasets/ig_sim_closeup/663_rgb.jpg,200.26783752441406,992.323486328125,361.2561340332031,1221.752685546875,0.36089885234832764,17.0
../YOLOX/datasets/ig_sim_closeup/664_rgb.jpg,207.9127655029297,1041.52490234375,359.9836730957031,1251.3057861328125,0.3025904893875122,17.0
../YOLOX/datasets/ig_sim_closeup/665_rgb.jpg,255.7405548095703,1101.888916015625,429.0501708984375,1303.2442626953125,0.4726187288761139,17.0
../YOLOX/datasets/ig_sim_closeup/666_rgb.jpg,286.5045166015625,1144.51611328125,460.8049011230469,1337.845947265625,0.48724159598350525,17.0
../YOLOX/datasets/ig_sim_closeup/667_rgb.jpg,301.9561767578125,1200.23779296875,435.8439636230469,1347.7420654296875,0.3621673882007599,17.0
../YOLOX/datasets/ig_sim_closeup/668_rgb.jpg,344.14202880859375,1238.7999267578125,506.9153747558594,1396.0281982421875,0.1901441067457199,17.0
../YOLOX/datasets/ig_sim_closeup/669_rgb.jpg,393.1327819824219,1288.861083984375,538.9857788085938,1420.4154052734375,0.13288074731826782,17.0
../YOLOX/datasets/ig_sim_closeup/671_rgb.jpg,687.9635009765625,1298.392822265625,817.440673828125,1519.56201171875,0.15895141661167145,False
../YOLOX/datasets/ig_sim_closeup/673_rgb.jpg,723.2858276367188,1281.615966796875,867.6722412109375,1519.359375,0.19425681233406067,False
../YOLOX/datasets/ig_sim_closeup/674_rgb.jpg,751.2581176757812,1271.48974609375,897.4262084960938,1514.5985107421875,0.5741616487503052,False
../YOLOX/datasets/ig_sim_closeup/675_rgb.jpg,744.5874633789062,1232.1190185546875,898.6524658203125,1495.023681640625,0.6538382172584534,20.0
../YOLOX/datasets/ig_sim_closeup/676_rgb.jpg,757.2978515625,1239.238037109375,892.6826171875,1453.766357421875,0.23657920956611633,20.0
../YOLOX/datasets/ig_sim_closeup/678_rgb.jpg,759.412841796875,1206.48291015625,885.8427124023438,1415.8389892578125,0.11749482154846191,False
../YOLOX/datasets/ig_sim_closeup/679_rgb.jpg,839.627685546875,1463.7650146484375,907.7391967773438,1537.49462890625,0.11414598673582077,False
../YOLOX/datasets/ig_sim_closeup/690_rgb.jpg,619.0742797851562,1015.8333740234375,777.0186767578125,1287.0780029296875,0.13383619487285614,False
../YOLOX/datasets/ig_sim_closeup/703_rgb.jpg,801.3200073242188,1020.9385986328125,953.2152709960938,1314.6092529296875,0.1207490861415863,False
../YOLOX/datasets/ig_sim_closeup/716_rgb.jpg,658.4903564453125,689.187744140625,786.8285522460938,802.9133911132812,0.19222111999988556,False
../YOLOX/datasets/ig_sim_closeup/717_rgb.jpg,660.3929443359375,676.3480224609375,798.980712890625,790.5520629882812,0.11040057986974716,False
../YOLOX/datasets/ig_sim_closeup/718_rgb.jpg,313.1056823730469,590.3008422851562,559.9100952148438,766.267822265625,0.12492261826992035,False
../YOLOX/datasets/ig_sim_closeup/727_rgb.jpg,708.662109375,1391.762451171875,768.8928833007812,1510.333984375,0.18269555270671844,False
../YOLOX/datasets/ig_sim_closeup/728_rgb.jpg,710.7338256835938,1394.931640625,786.4652099609375,1521.2852783203125,0.10860969871282578,False
../YOLOX/datasets/ig_sim_closeup/729_rgb.jpg,646.9713745117188,635.8829345703125,777.2288818359375,763.5811157226562,0.1390732377767563,False
../YOLOX/datasets/ig_sim_closeup/730_rgb.jpg,646.8274536132812,634.459228515625,783.5917358398438,765.929931640625,0.19868628680706024,False
../YOLOX/datasets/ig_sim_closeup/731_rgb.jpg,753.2754516601562,1393.9803466796875,824.226806640625,1506.4256591796875,0.2988869249820709,False
../YOLOX/datasets/ig_sim_closeup/732_rgb.jpg,773.0546264648438,1385.8079833984375,842.1429443359375,1494.5242919921875,0.2544436752796173,False
../YOLOX/datasets/ig_sim_closeup/733_rgb.jpg,770.4744873046875,1340.1810302734375,857.5091552734375,1492.6248779296875,0.1060478612780571,False
../YOLOX/datasets/ig_sim_closeup/734_rgb.jpg,813.0518798828125,987.5094604492188,899.0084838867188,1090.96826171875,0.13106496632099152,False
../YOLOX/datasets/ig_sim_closeup/735_rgb.jpg,769.9947509765625,956.1245727539062,916.5960083007812,1458.4591064453125,0.12998780608177185,False
../YOLOX/datasets/ig_sim_closeup/737_rgb.jpg,767.314453125,936.7393188476562,922.087158203125,1437.8614501953125,0.2855646312236786,False
../YOLOX/datasets/ig_sim_closeup/738_rgb.jpg,533.1913452148438,1178.9251708984375,821.1588745117188,1534.25,0.26921799778938293,False
../YOLOX/datasets/ig_sim_closeup/739_rgb.jpg,555.1588745117188,1187.880859375,817.1836547851562,1530.7498779296875,0.2526710331439972,False
../YOLOX/datasets/ig_sim_closeup/745_rgb.jpg,837.7880249023438,1247.5479736328125,899.608642578125,1343.9727783203125,0.12478502839803696,False
../YOLOX/datasets/ig_sim_closeup/746_rgb.jpg,842.7708129882812,1238.7911376953125,899.8817138671875,1328.94775390625,0.14122413098812103,False
../YOLOX/datasets/ig_sim_closeup/752_rgb.jpg,829.92578125,1147.783447265625,893.38671875,1274.698486328125,0.10312649607658386,False
../YOLOX/datasets/ig_sim_closeup/753_rgb.jpg,831.7675170898438,1142.9053955078125,891.9251098632812,1253.7933349609375,0.11597050726413727,False
../YOLOX/datasets/ig_sim_closeup/754_rgb.jpg,830.9775390625,1136.9647216796875,891.056884765625,1247.511474609375,0.10644908994436264,False
../YOLOX/datasets/ig_sim_closeup/763_rgb.jpg,1651.5665283203125,525.8297119140625,1856.88623046875,710.009033203125,0.11382472515106201,False
../YOLOX/datasets/ig_sim_closeup/765_rgb.jpg,830.9920654296875,985.6502685546875,892.8466186523438,1112.8641357421875,0.1851142942905426,False
../YOLOX/datasets/ig_sim_closeup/766_rgb.jpg,831.7050170898438,985.9713745117188,888.240478515625,1090.9024658203125,0.16975906491279602,False
../YOLOX/datasets/ig_sim_closeup/772_rgb.jpg,824.5022583007812,513.535888671875,940.842529296875,1011.6942749023438,0.11541260778903961,False
../YOLOX/datasets/ig_sim_closeup/773_rgb.jpg,826.119873046875,467.66571044921875,943.4598999023438,999.4573364257812,0.18440358340740204,False
../YOLOX/datasets/ig_sim_closeup/774_rgb.jpg,823.339599609375,471.2935791015625,941.6373901367188,990.5169677734375,0.1530286967754364,False
../YOLOX/datasets/ig_sim_closeup/775_rgb.jpg,823.5628662109375,460.7225036621094,944.6546630859375,975.454345703125,0.2843034863471985,36.0
../YOLOX/datasets/ig_sim_closeup/776_rgb.jpg,821.6297607421875,459.5452880859375,940.8480224609375,970.4942016601562,0.2005973756313324,36.0
../YOLOX/datasets/ig_sim_closeup/777_rgb.jpg,1641.731201171875,362.02154541015625,1858.0662841796875,532.9346313476562,0.19550135731697083,False
../YOLOX/datasets/ig_sim_closeup/778_rgb.jpg,817.5904541015625,412.30804443359375,942.5396728515625,939.0316772460938,0.22056087851524353,False
../YOLOX/datasets/ig_sim_closeup/779_rgb.jpg,817.5771484375,425.2590026855469,934.5996704101562,930.8792114257812,0.2517535388469696,False
../YOLOX/datasets/ig_sim_closeup/780_rgb.jpg,822.8295288085938,431.0545654296875,934.5277099609375,920.8873291015625,0.10465452075004578,36.0
../YOLOX/datasets/ig_sim_closeup/781_rgb.jpg,825.513916015625,406.2236328125,933.1884765625,907.4960327148438,0.10897339135408401,36.0
../YOLOX/datasets/ig_sim_closeup/782_rgb.jpg,823.858154296875,400.3761901855469,936.3067626953125,891.4083251953125,0.23083195090293884,36.0
../YOLOX/datasets/ig_sim_closeup/788_rgb.jpg,818.7098388671875,320.1423645019531,940.781494140625,816.3754272460938,0.29425424337387085,False
../YOLOX/datasets/ig_sim_closeup/789_rgb.jpg,1644.0587158203125,248.34963989257812,1854.72216796875,383.37579345703125,0.15394547581672668,False
../YOLOX/datasets/ig_sim_closeup/790_rgb.jpg,1650.168212890625,244.79896545410156,1850.067626953125,373.7037353515625,0.1194629892706871,False
../YOLOX/datasets/ig_sim_closeup/791_rgb.jpg,1657.6319580078125,243.91600036621094,1852.7322998046875,367.7879333496094,0.11243630200624466,False
../YOLOX/datasets/ig_sim_closeup/795_rgb.jpg,1635.15966796875,196.7827911376953,1851.2850341796875,311.9027099609375,0.19201461970806122,False
../YOLOX/datasets/ig_sim_closeup/796_rgb.jpg,1610.247314453125,177.94451904296875,1839.084716796875,296.9630126953125,0.20549240708351135,False
../YOLOX/datasets/ig_sim_closeup/797_rgb.jpg,1640.477783203125,168.14981079101562,1848.4395751953125,287.8124084472656,0.16101032495498657,False
../YOLOX/datasets/ig_sim_closeup/798_rgb.jpg,1671.806640625,169.8548126220703,1853.3878173828125,278.3664245605469,0.14012648165225983,40.0
../YOLOX/datasets/ig_sim_closeup/808_rgb.jpg,1644.205810546875,49.28030014038086,1844.1737060546875,145.48526000976562,0.11021500825881958,False
../YOLOX/datasets/ig_sim_closeup/810_rgb.jpg,798.3930053710938,-4.673583984375,948.892578125,545.689697265625,0.11243881285190582,False
../YOLOX/datasets/ig_sim_closeup/811_rgb.jpg,797.6275634765625,-8.936335563659668,950.8079833984375,533.371826171875,0.16263923048973083,False
../YOLOX/datasets/ig_sim_closeup/870_rgb.jpg,1741.377197265625,1426.474365234375,2041.1302490234375,1530.0831298828125,0.11191389709711075,False
../YOLOX/datasets/ig_sim_closeup/881_rgb.jpg,1885.7252197265625,1147.3275146484375,1955.2901611328125,1197.6444091796875,0.10097575187683105,False
../YOLOX/datasets/ig_sim_closeup/884_rgb.jpg,1882.580810546875,1121.5010986328125,1953.5772705078125,1174.4676513671875,0.1396195888519287,False
../YOLOX/datasets/ig_sim_closeup/887_rgb.jpg,1881.8385009765625,1084.0264892578125,1955.013427734375,1136.575927734375,0.11420837789773941,False
../YOLOX/datasets/ig_sim_closeup/891_rgb.jpg,1884.800537109375,1045.944580078125,1954.432373046875,1097.04052734375,0.24971868097782135,False
../YOLOX/datasets/ig_sim_closeup/893_rgb.jpg,1887.598876953125,1022.1981201171875,1950.9940185546875,1071.7939453125,0.22050151228904724,False
../YOLOX/datasets/ig_sim_closeup/897_rgb.jpg,1886.19921875,988.6012573242188,1956.5201416015625,1039.03564453125,0.15664072334766388,False
../YOLOX/datasets/ig_sim_closeup/898_rgb.jpg,1882.4256591796875,981.6026611328125,1955.7904052734375,1031.3343505859375,0.11048312485218048,False
../YOLOX/datasets/ig_sim_closeup/899_rgb.jpg,1882.3524169921875,967.5196533203125,1954.1788330078125,1022.3519897460938,0.294255793094635,False
../YOLOX/datasets/ig_sim_closeup/900_rgb.jpg,1887.672119140625,956.3011474609375,1955.5225830078125,1009.6478881835938,0.28563547134399414,48.0
../YOLOX/datasets/ig_sim_closeup/902_rgb.jpg,1888.175537109375,944.8215942382812,1950.6007080078125,993.2056274414062,0.18927116692066193,False
../YOLOX/datasets/ig_sim_closeup/904_rgb.jpg,1889.75732421875,918.1873779296875,1957.217041015625,971.703857421875,0.12170947343111038,False
../YOLOX/datasets/ig_sim_closeup/907_rgb.jpg,1885.123046875,889.2007446289062,1954.146728515625,941.4583740234375,0.12533187866210938,False
../YOLOX/datasets/ig_sim_closeup/908_rgb.jpg,1043.463623046875,1434.2122802734375,1191.26513671875,1513.1641845703125,0.1511193960905075,False
../YOLOX/datasets/ig_sim_closeup/909_rgb.jpg,1047.244873046875,1422.6287841796875,1190.680419921875,1507.698486328125,0.12187647074460983,False
../YOLOX/datasets/ig_sim_closeup/910_rgb.jpg,1050.6973876953125,1410.8819580078125,1182.3787841796875,1507.3795166015625,0.22388455271720886,False
../YOLOX/datasets/ig_sim_closeup/911_rgb.jpg,1044.3758544921875,1430.6470947265625,1167.9727783203125,1513.35986328125,0.2469252347946167,50.0
../YOLOX/datasets/ig_sim_closeup/912_rgb.jpg,1047.719482421875,1393.361328125,1175.4959716796875,1494.5313720703125,0.20687603950500488,50.0
../YOLOX/datasets/ig_sim_closeup/913_rgb.jpg,957.0523681640625,1422.826416015625,1028.72705078125,1496.116455078125,0.3868749439716339,False
../YOLOX/datasets/ig_sim_closeup/914_rgb.jpg,957.271484375,1403.06005859375,1030.0938720703125,1474.4796142578125,0.2704433798789978,False
../YOLOX/datasets/ig_sim_closeup/915_rgb.jpg,1040.325927734375,1318.97412109375,1182.454345703125,1472.39990234375,0.19241894781589508,False
../YOLOX/datasets/ig_sim_closeup/916_rgb.jpg,950.6654052734375,1371.63427734375,1030.369140625,1447.3223876953125,0.4396207928657532,False
../YOLOX/datasets/ig_sim_closeup/917_rgb.jpg,1037.3160400390625,1352.09814453125,1138.1917724609375,1438.8907470703125,0.3402523398399353,False
../YOLOX/datasets/ig_sim_closeup/918_rgb.jpg,947.6802368164062,1348.390625,1032.3480224609375,1430.503662109375,0.43035778403282166,False
../YOLOX/datasets/ig_sim_closeup/919_rgb.jpg,940.7794189453125,1326.65380859375,1031.192138671875,1411.8211669921875,0.5912092328071594,False
../YOLOX/datasets/ig_sim_closeup/920_rgb.jpg,1035.336181640625,1311.1085205078125,1117.6746826171875,1403.7169189453125,0.4059981107711792,False
../YOLOX/datasets/ig_sim_closeup/921_rgb.jpg,1036.7147216796875,1305.276123046875,1129.80419921875,1399.702880859375,0.35111600160598755,False
../YOLOX/datasets/ig_sim_closeup/922_rgb.jpg,1033.595947265625,1277.41455078125,1141.952392578125,1376.1536865234375,0.41100597381591797,False
../YOLOX/datasets/ig_sim_closeup/923_rgb.jpg,1036.8048095703125,1265.4268798828125,1115.06689453125,1362.978759765625,0.411031037569046,53.0
../YOLOX/datasets/ig_sim_closeup/924_rgb.jpg,1038.033935546875,1257.08056640625,1127.1534423828125,1361.058349609375,0.2567218542098999,53.0
../YOLOX/datasets/ig_sim_closeup/925_rgb.jpg,939.9449462890625,1240.7607421875,1032.489013671875,1334.52587890625,0.25793808698654175,False
../YOLOX/datasets/ig_sim_closeup/926_rgb.jpg,1885.758056640625,670.8020629882812,1957.1673583984375,722.2406005859375,0.1844809204339981,False
../YOLOX/datasets/ig_sim_closeup/928_rgb.jpg,1887.14111328125,643.5610961914062,1955.716796875,695.8193359375,0.1534232348203659,False
../YOLOX/datasets/ig_sim_closeup/931_rgb.jpg,761.7271118164062,1130.957275390625,836.3768920898438,1267.177490234375,0.1983284056186676,False
../YOLOX/datasets/ig_sim_closeup/938_rgb.jpg,1888.6629638671875,526.1506958007812,1956.1927490234375,579.6058349609375,0.10527563095092773,False
../YOLOX/datasets/ig_sim_closeup/940_rgb.jpg,1884.7520751953125,505.1973876953125,1956.852783203125,557.6544189453125,0.1670265644788742,False
../YOLOX/datasets/ig_sim_closeup/941_rgb.jpg,1884.4910888671875,489.14892578125,1956.197265625,542.332763671875,0.2185312807559967,False
../YOLOX/datasets/ig_sim_closeup/942_rgb.jpg,1887.7879638671875,482.9403076171875,1956.9815673828125,536.6400756835938,0.10234986245632172,57.0
../YOLOX/datasets/ig_sim_closeup/969_rgb.jpg,1833.073486328125,227.53277587890625,1908.0115966796875,275.9837951660156,0.10241217911243439,False
../YOLOX/datasets/ig_sim_closeup/972_rgb.jpg,1819.853271484375,182.82521057128906,1891.909423828125,232.82652282714844,0.10710063576698303,False
../YOLOX/datasets/ig_sim_closeup/974_rgb.jpg,271.5113830566406,826.6597900390625,325.42730712890625,956.2167358398438,0.1285460740327835,False
../YOLOX/datasets/ig_sim_closeup/976_rgb.jpg,280.4852294921875,916.6739501953125,347.04119873046875,1040.2169189453125,0.13330212235450745,False
../YOLOX/datasets/ig_sim_closeup/977_rgb.jpg,1037.9210205078125,720.406982421875,1169.0242919921875,926.0430908203125,0.13115687668323517,False
../YOLOX/datasets/ig_sim_closeup/988_rgb.jpg,1590.523193359375,5.055476188659668,1873.4263916015625,390.2475891113281,0.11574653536081314,False
../YOLOX/datasets/ig_sim_closeup/990_rgb.jpg,1561.662841796875,3.099027156829834,1830.2115478515625,370.53125,0.1905108243227005,False
../YOLOX/datasets/ig_sim_closeup/993_rgb.jpg,1239.039794921875,370.8175964355469,1395.7838134765625,750.6351928710938,0.5745491981506348,False
../YOLOX/datasets/ig_sim_closeup/994_rgb.jpg,1217.4376220703125,364.09661865234375,1374.4283447265625,737.2256469726562,0.4497419595718384,False
../YOLOX/datasets/ig_sim_closeup/995_rgb.jpg,1207.3985595703125,321.3172302246094,1381.421875,743.5908203125,0.6143329739570618,False
../YOLOX/datasets/ig_sim_closeup/996_rgb.jpg,1207.955810546875,320.7238464355469,1380.930908203125,743.6395263671875,0.5933958888053894,64.0
../YOLOX/datasets/ig_sim_closeup/997_rgb.jpg,1208.266845703125,318.70050048828125,1381.5421142578125,744.0218505859375,0.6540716886520386,64.0
../YOLOX/datasets/ig_sim_closeup/998_rgb.jpg,1207.585205078125,319.6039733886719,1380.6551513671875,741.7261352539062,0.552419126033783,64.0
../YOLOX/datasets/ig_sim_closeup/999_rgb.jpg,1208.8980712890625,318.970703125,1380.78662109375,741.645263671875,0.6213505864143372,64.0
../YOLOX/datasets/ig_sim_closeup/1000_rgb.jpg,1207.67578125,322.68426513671875,1382.5567626953125,741.9198608398438,0.6012271642684937,64.0
../YOLOX/datasets/ig_sim_closeup/1001_rgb.jpg,1208.23095703125,318.8997497558594,1381.074951171875,742.8184814453125,0.6115412712097168,64.0
../YOLOX/datasets/ig_sim_closeup/1002_rgb.jpg,1206.5137939453125,320.58233642578125,1380.2779541015625,744.907958984375,0.5645453333854675,64.0
../YOLOX/datasets/ig_sim_closeup/1003_rgb.jpg,1208.638671875,319.2026062011719,1381.23486328125,742.5057373046875,0.6240347027778625,64.0
../YOLOX/datasets/ig_sim_closeup/1004_rgb.jpg,1207.677490234375,320.62109375,1381.151611328125,746.8922729492188,0.6312482953071594,64.0
../YOLOX/datasets/ig_sim_closeup/1005_rgb.jpg,1207.742919921875,321.0957336425781,1380.89013671875,741.8994750976562,0.6563074588775635,64.0
../YOLOX/datasets/ig_sim_closeup/1006_rgb.jpg,1206.497314453125,318.5376281738281,1380.4161376953125,743.5825805664062,0.5761875510215759,64.0
../YOLOX/datasets/ig_sim_closeup/1007_rgb.jpg,1207.8272705078125,322.8990783691406,1381.087158203125,749.4723510742188,0.6622787714004517,64.0
../YOLOX/datasets/ig_sim_closeup/1008_rgb.jpg,1205.182373046875,317.94183349609375,1383.3370361328125,745.7085571289062,0.680808424949646,64.0
../YOLOX/datasets/ig_sim_closeup/1009_rgb.jpg,1206.5518798828125,315.79779052734375,1383.797119140625,737.924560546875,0.7025661468505859,64.0
../YOLOX/datasets/ig_sim_closeup/1010_rgb.jpg,1205.442626953125,310.4208679199219,1385.149658203125,734.336669921875,0.7080749273300171,64.0
../YOLOX/datasets/ig_sim_closeup/1011_rgb.jpg,1206.58203125,306.5188293457031,1386.184814453125,728.6411743164062,0.7037202715873718,64.0
../YOLOX/datasets/ig_sim_closeup/1012_rgb.jpg,1206.9649658203125,299.3556823730469,1383.442138671875,714.1968994140625,0.685978889465332,64.0
../YOLOX/datasets/ig_sim_closeup/1013_rgb.jpg,1214.172119140625,293.1947021484375,1382.744873046875,653.3922119140625,0.613561749458313,64.0
../YOLOX/datasets/ig_sim_closeup/1014_rgb.jpg,1211.6134033203125,291.6778869628906,1378.021484375,694.4755249023438,0.6843525767326355,64.0
../YOLOX/datasets/ig_sim_closeup/1015_rgb.jpg,1210.8970947265625,282.71820068359375,1377.69873046875,685.0941162109375,0.6859785318374634,64.0
../YOLOX/datasets/ig_sim_closeup/1016_rgb.jpg,1209.7747802734375,270.4473876953125,1381.05810546875,653.8441772460938,0.7011317014694214,64.0
../YOLOX/datasets/ig_sim_closeup/1017_rgb.jpg,1209.212646484375,249.0,1376.3973388671875,659.9075317382812,0.6102794408798218,64.0
../YOLOX/datasets/ig_sim_closeup/1018_rgb.jpg,1203.7510986328125,249.23272705078125,1379.030517578125,661.1760864257812,0.71351557970047,64.0
../YOLOX/datasets/ig_sim_closeup/1019_rgb.jpg,1205.7889404296875,228.47067260742188,1383.2264404296875,637.0252685546875,0.7098901867866516,64.0
../YOLOX/datasets/ig_sim_closeup/1020_rgb.jpg,1205.6112060546875,216.9386444091797,1385.0802001953125,623.789306640625,0.7218796014785767,64.0
../YOLOX/datasets/ig_sim_closeup/1021_rgb.jpg,1207.052001953125,206.9124298095703,1382.8133544921875,591.6795654296875,0.5759669542312622,64.0
../YOLOX/datasets/ig_sim_closeup/1022_rgb.jpg,1205.5379638671875,200.4993438720703,1382.972412109375,630.5986938476562,0.7217490077018738,64.0
../YOLOX/datasets/ig_sim_closeup/1023_rgb.jpg,1204.7645263671875,181.10211181640625,1387.896728515625,571.9144287109375,0.6438182592391968,64.0
../YOLOX/datasets/ig_sim_closeup/1024_rgb.jpg,1202.673583984375,167.51937866210938,1389.888671875,598.9502563476562,0.7431156039237976,64.0
../YOLOX/datasets/ig_sim_closeup/1025_rgb.jpg,1206.1463623046875,160.9907989501953,1384.67041015625,594.3833618164062,0.6612655520439148,64.0
../YOLOX/datasets/ig_sim_closeup/1026_rgb.jpg,1204.3968505859375,161.2098846435547,1383.973388671875,591.2513427734375,0.6827192306518555,64.0
../YOLOX/datasets/ig_sim_closeup/1027_rgb.jpg,1206.122314453125,141.64158630371094,1390.9500732421875,574.0493774414062,0.7235418558120728,64.0
../YOLOX/datasets/ig_sim_closeup/1028_rgb.jpg,1205.9368896484375,132.92665100097656,1389.5111083984375,567.79638671875,0.7518386840820312,64.0
../YOLOX/datasets/ig_sim_closeup/1029_rgb.jpg,1204.7618408203125,127.68511199951172,1389.060791015625,563.2349853515625,0.6791893243789673,64.0
../YOLOX/datasets/ig_sim_closeup/1030_rgb.jpg,1202.4300537109375,118.70011901855469,1387.280517578125,536.2538452148438,0.7190878391265869,64.0
../YOLOX/datasets/ig_sim_closeup/1031_rgb.jpg,1204.8377685546875,106.15599060058594,1387.461181640625,482.3250732421875,0.7091614007949829,64.0
../YOLOX/datasets/ig_sim_closeup/1032_rgb.jpg,1204.265869140625,98.32654571533203,1388.7857666015625,512.0917358398438,0.7403162121772766,64.0
../YOLOX/datasets/ig_sim_closeup/1033_rgb.jpg,1206.058349609375,89.47766876220703,1382.3897705078125,506.1585693359375,0.6443606615066528,64.0
../YOLOX/datasets/ig_sim_closeup/1034_rgb.jpg,1204.7066650390625,69.70744323730469,1385.63671875,494.9830322265625,0.7277114987373352,64.0
../YOLOX/datasets/ig_sim_closeup/1035_rgb.jpg,1203.6561279296875,56.61655044555664,1387.32666015625,485.9737548828125,0.6246695518493652,64.0
../YOLOX/datasets/ig_sim_closeup/1036_rgb.jpg,1205.1717529296875,43.84949493408203,1388.0767822265625,489.94000244140625,0.6450721025466919,64.0
../YOLOX/datasets/ig_sim_closeup/1037_rgb.jpg,1207.6624755859375,42.08850860595703,1388.111572265625,479.5035400390625,0.5291993618011475,64.0
../YOLOX/datasets/ig_sim_closeup/1038_rgb.jpg,1204.527099609375,36.18862533569336,1381.7596435546875,477.4456481933594,0.572636604309082,64.0
../YOLOX/datasets/ig_sim_closeup/1039_rgb.jpg,1201.189697265625,26.144380569458008,1392.04736328125,450.74908447265625,0.6413078308105469,64.0
../YOLOX/datasets/ig_sim_closeup/1040_rgb.jpg,1204.144775390625,22.527193069458008,1390.019287109375,452.80059814453125,0.5692884922027588,64.0
../YOLOX/datasets/ig_sim_closeup/1041_rgb.jpg,1198.43115234375,12.894831657409668,1388.243408203125,449.2869873046875,0.3052219748497009,64.0
../YOLOX/datasets/ig_sim_closeup/1042_rgb.jpg,1194.91259765625,5.596529483795166,1387.8836669921875,413.4758605957031,0.31769299507141113,64.0
../YOLOX/datasets/ig_sim_closeup/1043_rgb.jpg,1196.8677978515625,-1.782545804977417,1392.61181640625,408.5398864746094,0.44781020283699036,64.0
../YOLOX/datasets/ig_sim_closeup/1044_rgb.jpg,1192.803955078125,-0.3984750509262085,1386.501708984375,400.2185974121094,0.24328134953975677,64.0
../YOLOX/datasets/ig_sim_closeup/1045_rgb.jpg,1202.84228515625,2.566781759262085,1376.28515625,385.84942626953125,0.37906068563461304,64.0
../YOLOX/datasets/ig_sim_closeup/1046_rgb.jpg,1198.776123046875,0.907883882522583,1382.5850830078125,359.1499328613281,0.5714865326881409,64.0
../YOLOX/datasets/ig_sim_closeup/1047_rgb.jpg,1202.2474365234375,-1.7543569803237915,1377.5223388671875,376.2479248046875,0.5175833702087402,64.0
../YOLOX/datasets/ig_sim_closeup/1048_rgb.jpg,1202.3292236328125,-2.726693868637085,1374.7740478515625,373.37957763671875,0.6400922536849976,64.0
../YOLOX/datasets/ig_sim_closeup/1049_rgb.jpg,1206.6685791015625,2.002159595489502,1366.069091796875,336.0437316894531,0.6195319294929504,64.0
../YOLOX/datasets/ig_sim_closeup/1050_rgb.jpg,1202.3857421875,-1.5827072858810425,1374.0435791015625,323.5470275878906,0.6774514317512512,64.0
../YOLOX/datasets/ig_sim_closeup/1051_rgb.jpg,1203.4561767578125,-0.19638296961784363,1372.8116455078125,319.8904113769531,0.5521515607833862,64.0
../YOLOX/datasets/ig_sim_closeup/1052_rgb.jpg,1199.922607421875,-0.94873046875,1371.038818359375,320.8546447753906,0.6371827721595764,64.0
../YOLOX/datasets/ig_sim_closeup/1053_rgb.jpg,1198.9063720703125,-1.860088586807251,1367.965087890625,321.0670166015625,0.3588269054889679,64.0
../YOLOX/datasets/ig_sim_closeup/1054_rgb.jpg,1196.4947509765625,-2.0364990234375,1368.837890625,307.6140441894531,0.16093391180038452,64.0
../YOLOX/datasets/ig_sim_closeup/1070_rgb.jpg,2.65625,177.8455352783203,209.91354370117188,731.7178344726562,0.20335084199905396,False
../YOLOX/datasets/ig_sim_closeup/1071_rgb.jpg,2.657423734664917,178.78028869628906,205.15061950683594,725.0704345703125,0.13528266549110413,False
../YOLOX/datasets/ig_sim_closeup/1072_rgb.jpg,2.014826774597168,184.33535766601562,194.41514587402344,704.2047119140625,0.3423059284687042,False
../YOLOX/datasets/ig_sim_closeup/1073_rgb.jpg,2.768132209777832,170.56463623046875,194.66380310058594,705.0745239257812,0.13549213111400604,65.0
../YOLOX/datasets/ig_sim_closeup/1079_rgb.jpg,2.434251070022583,134.1868438720703,164.74722290039062,644.1917724609375,0.11745104193687439,False
../YOLOX/datasets/ig_sim_closeup/1080_rgb.jpg,4.627173900604248,144.90159606933594,158.84768676757812,630.9784545898438,0.23851902782917023,False
../YOLOX/datasets/ig_sim_closeup/1081_rgb.jpg,4.569434642791748,124.60663604736328,158.46392822265625,621.0918579101562,0.2782647907733917,False
../YOLOX/datasets/ig_sim_closeup/1082_rgb.jpg,4.55564546585083,118.37903594970703,154.4783477783203,596.0169677734375,0.2058173418045044,66.0
../YOLOX/datasets/ig_sim_closeup/1083_rgb.jpg,4.301401138305664,117.39766693115234,152.10983276367188,571.0127563476562,0.14971934258937836,66.0
../YOLOX/datasets/ig_sim_closeup/1084_rgb.jpg,4.012770652770996,109.13359832763672,155.72239685058594,563.1978759765625,0.3093474805355072,66.0
../YOLOX/datasets/ig_sim_closeup/1085_rgb.jpg,4.022249698638916,128.45095825195312,149.69700622558594,552.889892578125,0.3324892520904541,66.0
../YOLOX/datasets/ig_sim_closeup/1086_rgb.jpg,4.780405044555664,116.19110870361328,140.7984161376953,540.4286499023438,0.3284314274787903,66.0
../YOLOX/datasets/ig_sim_closeup/1087_rgb.jpg,4.225478172302246,137.41795349121094,129.12794494628906,534.1077880859375,0.3418414890766144,66.0
../YOLOX/datasets/ig_sim_closeup/1088_rgb.jpg,3.802438497543335,103.30123138427734,127.26416015625,541.8494873046875,0.1846466064453125,66.0
../YOLOX/datasets/ig_sim_closeup/1089_rgb.jpg,1.7456711530685425,123.29824829101562,96.35216522216797,502.47955322265625,0.17520900070667267,66.0
../YOLOX/datasets/ig_sim_closeup/1090_rgb.jpg,1.377394437789917,97.13134765625,96.22932434082031,522.5384521484375,0.13057248294353485,66.0
../YOLOX/datasets/ig_sim_closeup/1091_rgb.jpg,1.4823373556137085,73.95468139648438,92.21602630615234,486.22625732421875,0.234470397233963,66.0
../YOLOX/datasets/ig_sim_closeup/1092_rgb.jpg,1.9107009172439575,56.08557891845703,90.56039428710938,463.0467224121094,0.18740689754486084,66.0
../YOLOX/datasets/ig_sim_closeup/1093_rgb.jpg,0.9687781929969788,53.12682342529297,87.89368438720703,430.04718017578125,0.18018271028995514,66.0
../YOLOX/datasets/ig_sim_closeup/1094_rgb.jpg,1.3377639055252075,33.63474655151367,88.63435363769531,440.4809265136719,0.17799510061740875,66.0
../YOLOX/datasets/ig_sim_closeup/1095_rgb.jpg,1.011019229888916,15.092848777770996,84.78252410888672,420.62994384765625,0.269215852022171,66.0
../YOLOX/datasets/ig_sim_closeup/1096_rgb.jpg,1.173367977142334,11.361572265625,86.26779174804688,391.4765625,0.20421387255191803,66.0
../YOLOX/datasets/ig_sim_closeup/1097_rgb.jpg,0.718735933303833,-9.801607131958008,84.04456329345703,371.6381530761719,0.2188194841146469,66.0
../YOLOX/datasets/ig_sim_closeup/1098_rgb.jpg,1.402254581451416,3.667874813079834,83.31531524658203,363.8341979980469,0.2457180917263031,66.0
../YOLOX/datasets/ig_sim_closeup/1099_rgb.jpg,1.066265344619751,0.5195688009262085,81.23290252685547,346.8730773925781,0.21178774535655975,66.0
../YOLOX/datasets/ig_sim_closeup/1100_rgb.jpg,1.152846097946167,-0.651611328125,82.75347137451172,327.4659729003906,0.1955505758523941,66.0
../YOLOX/datasets/ig_sim_closeup/1101_rgb.jpg,0.49076491594314575,-4.089327335357666,83.71646118164062,302.62396240234375,0.1673048883676529,66.0
../YOLOX/datasets/ig_sim_closeup/1102_rgb.jpg,0.6975942850112915,-3.628464937210083,84.75059509277344,283.54400634765625,0.1445041447877884,66.0
../YOLOX/datasets/ig_sim_closeup/1104_rgb.jpg,619.456787109375,33.523983001708984,735.4491577148438,348.6956787109375,0.12287779897451401,False
../YOLOX/datasets/ig_sim_closeup/1180_rgb.jpg,2.784080982208252,105.11343383789062,100.56468200683594,440.89312744140625,0.17902392148971558,False
../YOLOX/datasets/ig_sim_closeup/1184_rgb.jpg,41.72667694091797,126.79933166503906,124.28831481933594,202.32667541503906,0.1753045618534088,False
../YOLOX/datasets/ig_sim_closeup/1222_rgb.jpg,1715.904541015625,737.4254760742188,1773.291259765625,783.602783203125,0.11410719901323318,False
../YOLOX/datasets/ig_sim_closeup/1227_rgb.jpg,1.2007187604904175,1333.95458984375,70.55392456054688,1544.7220458984375,0.10037879645824432,False
../YOLOX/datasets/ig_sim_closeup/1240_rgb.jpg,206.59983825683594,951.5767822265625,314.2864074707031,1103.5301513671875,0.11322835832834244,False
../YOLOX/datasets/ig_sim_closeup/1243_rgb.jpg,198.57293701171875,833.4153442382812,319.76092529296875,1081.998779296875,0.1546223908662796,False
../YOLOX/datasets/ig_sim_closeup/1298_rgb.jpg,1270.746337890625,655.7528076171875,1434.9107666015625,996.5986328125,0.10770902037620544,False
../YOLOX/datasets/ig_sim_closeup/1301_rgb.jpg,1273.766357421875,636.9010009765625,1435.3060302734375,976.0908813476562,0.15207184851169586,False
../YOLOX/datasets/ig_sim_closeup/1304_rgb.jpg,1262.3875732421875,611.7032470703125,1436.523193359375,960.9287719726562,0.1107240542769432,False
../YOLOX/datasets/ig_sim_closeup/1309_rgb.jpg,1279.7095947265625,589.3419189453125,1435.302490234375,922.3682250976562,0.12228129804134369,False
../YOLOX/datasets/ig_sim_closeup/1310_rgb.jpg,1265.658447265625,570.8180541992188,1440.181640625,917.0485229492188,0.24827662110328674,False
../YOLOX/datasets/ig_sim_closeup/1311_rgb.jpg,1270.71728515625,572.3453369140625,1442.1712646484375,908.5424194335938,0.10154271125793457,False
../YOLOX/datasets/ig_sim_closeup/1313_rgb.jpg,1274.5606689453125,558.4022216796875,1436.778564453125,894.8436279296875,0.10251007974147797,False
../YOLOX/datasets/ig_sim_closeup/1316_rgb.jpg,1264.134521484375,532.3085327148438,1428.6119384765625,876.8740234375,0.10118413716554642,False
../YOLOX/datasets/ig_sim_closeup/1322_rgb.jpg,1263.690673828125,494.5489807128906,1446.3973388671875,833.0787353515625,0.12885074317455292,False
../YOLOX/datasets/ig_sim_closeup/1328_rgb.jpg,1263.88037109375,451.2232666015625,1443.367431640625,793.3433227539062,0.14276856184005737,False
../YOLOX/datasets/ig_sim_closeup/1334_rgb.jpg,1259.7274169921875,409.3232421875,1445.777099609375,744.6640014648438,0.1727849841117859,False
../YOLOX/datasets/ig_sim_closeup/1335_rgb.jpg,1270.372802734375,410.3677978515625,1435.754638671875,738.1611328125,0.10285254567861557,False
../YOLOX/datasets/ig_sim_closeup/1336_rgb.jpg,1277.5792236328125,413.6486511230469,1427.052734375,736.6466064453125,0.12039655447006226,False
../YOLOX/datasets/ig_sim_closeup/1337_rgb.jpg,1270.9244384765625,390.8937683105469,1435.788330078125,724.7308959960938,0.1247662678360939,81.0
../YOLOX/datasets/ig_sim_closeup/1338_rgb.jpg,1265.6846923828125,381.1142272949219,1432.978515625,718.1802978515625,0.1369936615228653,81.0
../YOLOX/datasets/ig_sim_closeup/1339_rgb.jpg,1261.67529296875,376.2990417480469,1426.2032470703125,716.7871704101562,0.1788862645626068,81.0
../YOLOX/datasets/ig_sim_closeup/1340_rgb.jpg,1259.0074462890625,366.10455322265625,1441.510009765625,702.800537109375,0.16047759354114532,81.0
../YOLOX/datasets/ig_sim_closeup/1363_rgb.jpg,1242.964111328125,199.27761840820312,1437.323974609375,553.2867431640625,0.13700568675994873,False
../YOLOX/datasets/ig_sim_closeup/1366_rgb.jpg,1243.26416015625,182.43113708496094,1437.198974609375,526.7662353515625,0.12279567122459412,False
../YOLOX/datasets/ig_sim_closeup/1372_rgb.jpg,379.9079284667969,832.9221801757812,481.71209716796875,1015.4385375976562,0.11127733439207077,False
../YOLOX/datasets/ig_sim_closeup/1376_rgb.jpg,1223.8641357421875,114.91010284423828,1425.9227294921875,468.6980895996094,0.1153406873345375,False
../YOLOX/datasets/ig_sim_closeup/1378_rgb.jpg,596.0337524414062,974.612548828125,809.5391235351562,1413.8760986328125,0.11333563923835754,False
../YOLOX/datasets/ig_sim_closeup/1385_rgb.jpg,1216.9388427734375,28.37255859375,1420.801513671875,397.0592346191406,0.12128898501396179,False
../YOLOX/datasets/ig_sim_closeup/1386_rgb.jpg,1214.8529052734375,27.232608795166016,1422.970458984375,390.8912353515625,0.14411437511444092,False
../YOLOX/datasets/ig_sim_closeup/1397_rgb.jpg,-10.552593231201172,1452.935302734375,272.91729736328125,1542.135009765625,0.13146692514419556,False
